epoch,train_loss,val_loss
1,0.093302,0.028553
2,0.017222,0.008682
3,0.005855,0.004156
4,0.003951,0.003585
5,0.003540,0.003161
6,0.003322,0.002916
7,0.003173,0.002968
8,0.003062,0.002681
9,0.002977,0.002628
10,0.002904,0.002431
11,0.002864,0.002531
12,0.002801,0.002377
13,0.002760,0.002334
14,0.002731,0.002301
15,0.002698,0.002446