epoch,train_loss,val_loss
1,0.916042149066925,0.9139521718025208
2,0.8815402388572693,0.8798924088478088
3,0.8487460017204285,0.8475450277328491
4,0.8175361156463623,0.8166758418083191
5,0.7877254486083984,0.786611795425415
